nb_sent	word	tag
0	Должен	O
0	ли	O
0	я	O
0	использовать	O
0	vfat	Object1
0	или	O
0	ext3	Object2
0	для	O
0	внешнего	Aspect
0	жесткого	Aspect
0	диска	Aspect
0	USB	O
0	емкостью	O
0	1	O
0	ТБ	O
0	?	O
2	Кто	O
2	сыграл	O
2	больше	Aspect
2	матчей	Aspect
2	-	O
2	Роналду	Object1
2	или	O
2	Месси	Object2
2	?	O
3	Что	O
3	лучше	O
3	redmi	Object1
3	note	Object1
3	или	O
3	redmi	Object2
3	note	Object2
3	4g	Object2
3	почему	O
3	?	O
4	Что	O
4	лучше	O
4	,	O
4	Netflix	Object1
4	или	O
4	Blockbuster	Object2
4	?	O
6	Какой	O
6	из	O
6	них	O
6	лучше	O
6	bmw	Object1
6	или	O
6	infinity	Object2
6	g35	Object2
6	?	O
7	Кто	O
7	хуже	O
7	Дональд	Object1
7	Трамп	Object1
7	или	O
7	Хиллари	Object2
7	Клинтон	Object2
7	?	O
8	Какой	O
8	китайский	O
8	ime	O
8	лучше	O
8	microsoft	Object1
8	или	O
8	Google	Object2
8	?	O
9	Какое	O
9	туристическое	O
9	агентство	O
9	подходит	O
9	thomas	Object1
9	cook	Object1
9	или	O
9	cox	Object2
9	and	Object2
9	kings	Object2
9	для	O
9	международных	O
9	поездок	O
9	с	O
9	точки	O
9	зрения	O
9	бюджета	O
9	и	O
9	комфорта	Aspect
9	?	O
10	Что	O
10	полезнее	Aspect
10	носить	O
10	,	O
10	боксеры	Object1
10	или	O
10	трусы	Object2
10	?	O
11	Как	O
11	выбрать	O
11	между	O
11	отправкой	Aspect
11	статьи	Aspect
11	в	O
11	специализированный	Object1
11	журнал	Object1
11	или	O
11	в	O
11	журнал	Object2
11	с	Object2
11	более	Object2
11	широкой	Object2
11	аудиторией	Object2
11	?	O
12	Какой	O
12	из	O
12	них	O
12	лучше	O
12	-	O
12	iit	Object1
12	или	O
12	iisc	Object2
12	?	O
13	Как	O
13	вы	O
13	думаете	O
13	,	O
13	воображение	Object1
13	лучше	O
13	,	O
13	чем	O
13	знание	Object2
13	?	O
19	Действительно	O
19	ли	O
19	люди	Object1
19	лучше	O
19	животных	Object2
19	?	O
20	Насколько	O
20	трудно	Aspect
20	выучить	Aspect
20	русский	Object1
20	язык	CommonObj
20	по	O
20	сравнению	O
20	с	O
20	японским	Object2
20	?	O
21	Какой	O
21	телефон	CommonObj
21	лучше	O
21	-	O
21	с	Object1
21	одной	Object1
21	sim-картой	Object1
21	или	O
21	с	Object2
21	двумя	Object2
21	sim-картами	Object2
21	?	O
22	Что	O
22	старше	Aspect
22	-	O
22	jeopardy	Object1
22	или	O
22	колесо	Object2
22	фортуны	Object2
22	?	O
24	Что	O
24	лучше	O
24	evernote	Object1
24	или	O
24	Google	Object2
24	keep	Object2
24	?	O
25	С	O
25	объективной	O
25	точки	O
25	зрения	O
25	,	O
25	предполагающей	O
25	,	O
25	что	O
25	целью	O
25	является	O
25	максимальная	Aspect
25	жизненная	Aspect
25	полезность	Aspect
25	,	O
25	лучше	O
25	ли	O
25	родиться	O
25	мужчиной	Object1
25	или	O
25	женщиной	Object2
25	в	O
25	развитом	O
25	мире	O
25	?	O
26	Чем	O
26	intellij	Object1
26	лучше	O
26	eclipse	Object2
26	?	O
28	Кто	O
28	сексуальнее	Aspect
28	трейсер	Object1
28	или	O
28	вдоводел	Object2
28	?	O
29	Какой	O
29	велосипед	CommonObj
29	лучше	O
29	-	O
29	royal	Object1
29	enfield	Object1
29	classic	Object1
29	350	Object1
29	или	O
29	bullet	Object2
29	350	Object2
29	?	O
30	Какой	O
30	чемодан	CommonObj
30	мне	O
30	выбрать	O
30	-	O
30	жесткий	Object1
30	или	O
30	мягкий	Object2
30	?	O
31	Какой	O
31	лучше	O
31	core	Object1
31	i5	Object1
31	4440	Object1
31	или	O
31	core	Object2
31	i5	Object2
31	3470	Object2
31	?	O
32	Какой	O
32	из	O
32	них	O
32	лучше	O
32	samsung	Object1
32	galaxy	Object1
32	s7	Object1
32	edge	Object1
32	или	O
32	iphone	Object2
32	6s	Object2
32	?	O
33	Каковы	O
33	требования	O
33	инженеров-биомедицинцев	O
33	,	O
33	какой	O
33	поток	CommonObj
33	лучше	O
33	-	O
33	биомедицинский	Object1
33	или	O
33	биотехнологический	Object2
33	?	O
34	Что	O
34	лучше	O
34	пепси	Object1
34	или	O
34	кока-кола	Object2
34	?	O
35	Что	O
35	из	O
35	этого	O
35	лучше	O
35	-	O
35	информатика	Object1
35	или	O
35	компьютерная	Object2
35	инженерия	Object2
35	,	O
35	почему	O
35	?	O
36	Кто	O
36	с	O
36	большей	O
36	вероятностью	O
36	станет	O
36	причиной	Aspect
36	Третьей	Aspect
36	мировой	Aspect
36	войны	Aspect
36	-	O
36	Трамп	Object1
36	или	O
36	Клинтон	Object2
36	?	O
37	Что	O
37	лучше	O
37	для	O
37	сварки	Aspect
37	mig	Object1
37	или	O
37	tig	Object2
37	?	O
39	Какой	O
39	сервер	CommonObj
39	лучше	O
39	ubersvn	Object1
39	против	O
39	visualsvn	Object2
39	,	O
39	есть	O
39	какие-нибудь	O
39	впечатления	O
39	?	O
40	Стоит	O
40	ли	O
40	покупать	O
40	стальные	Object1
40	или	O
40	керамические	Object2
40	ножи	CommonObj
40	?	O
41	Какое	O
41	из	O
41	них	O
41	лучше	O
41	xm	Object1
41	radio	Object1
41	или	O
41	sirus	Object2
41	radio	Object2
41	?	O
42	Действительно	O
42	ли	O
42	собаки	Object1
42	лучше	O
42	людей	Object2
42	?	O
43	Какая	O
43	лампочка	CommonObj
43	лучше	O
43	,	O
43	накаливания	Object1
43	или	O
43	люминесцентная	Object2
43	?	O
44	Должен	O
44	ли	O
44	я	O
44	поступить	O
44	в	O
44	колумбийский	Object1
44	университет	Object1
44	или	O
44	Дартмут	Object2
44	?	O
45	На	O
45	кантонском	Object1
45	или	O
45	мандаринском	Object2
45	диалекте	CommonObj
45	чаще	O
45	говорят	O
45	за	Aspect
45	пределами	Aspect
45	Китая	Aspect
45	?	O
47	Что	O
47	лучше	O
47	для	O
47	игр	Aspect
47	-	O
47	mac	Object1
47	или	O
47	Windows	Object2
47	?	O
48	Что	O
48	лучше	O
48	-	O
48	популярная	Object1
48	проприетарная	Object1
48	программа	Object1
48	или	O
48	малоизвестная	CommonObj
48	замена	Object2
48	воспроизводимого	Object2
48	исследования	Object2
48	с	Object2
48	открытым	Object2
48	исходным	Object2
48	кодом	Object2
48	?	O
49	Творческая	O
49	франшиза	O
49	Гарри	O
49	Поттера	O
49	,	O
49	кто	O
49	более	O
49	могущественный	Aspect
49	волшебник	Aspect
49	,	O
49	Дамблдор	Object1
49	или	O
49	Волдеморт	Object2
49	,	O
49	почему	O
49	?	O
52	В	O
52	чем	O
52	разница	O
52	в	O
52	производительности	Aspect
52	микроядра	Object1
52	по	O
52	сравнению	O
52	с	O
52	монолитным	Object2
52	ядром	Object2
52	?	O
53	Лучше	O
53	ли	O
53	путешествовать	O
53	поездом	Object1
53	или	O
53	самолетом	Object2
53	,	O
53	когда	O
53	на	O
53	востоке	O
53	США	O
53	есть	O
53	риск	Aspect
53	выпадения	Aspect
53	снега	Aspect
53	?	O
54	Какой	O
54	велосипед	CommonObj
54	лучше	O
54	для	O
54	поездок	O
54	на	O
54	работу	O
54	,	O
54	а	O
54	также	O
54	для	O
54	случайных	Aspect
54	длительных	Aspect
54	поездок	Aspect
54	по	Aspect
54	улице	Aspect
54	220	Object1
54	или	O
54	royal	Object2
54	enfield	Object2
54	?	O
55	Чем	O
55	Хиллари	Object1
55	Клинтон	Object1
55	лучше	O
55	Дональда	Object2
55	Трампа	Object2
55	?	O
57	По	O
57	состоянию	O
57	на	O
57	март	O
57	2014	O
57	года	O
57	,	O
57	какая	O
57	игровая	O
57	консоль	O
57	лучше	O
57	на	O
57	рынке	O
57	-	O
57	sony	Object1
57	ps4	Object1
57	или	O
57	microsoft	Object2
57	xbox	Object2
57	one	Object2
57	?	O
58	Кто	O
58	величайший	Aspect
58	французский	O
58	классический	CommonObj
58	трагик	CommonObj
58	Расин	Object1
58	или	O
58	Корнель	Object2
58	?	O
59	Что	O
59	лучше	O
59	,	O
59	светодиодные	Object1
59	или	O
59	ЖК-дисплеи	O
59	?	O
60	Какое	O
60	упражнение	CommonObj
60	лучше	O
60	с	Object1
60	большим	Object1
60	весом	Object1
60	и	Object1
60	меньшим	Object1
60	количеством	Object1
60	повторений	Object1
60	или	O
60	с	Object2
60	меньшим	Object2
60	весом	Object2
60	и	Object2
60	большим	Object2
60	количеством	Object2
60	повторений	Object2
60	,	O
60	как	O
60	эти	O
60	два	O
60	упражнения	O
60	повлияют	O
60	на	O
60	рост	Aspect
60	мышц	Aspect
60	?	O
61	Девушки	Object1
61	или	O
61	парни-вегетарианцы	O
61	встречаются	O
61	чаще	Aspect
61	?	O
62	Должен	O
62	ли	O
62	я	O
62	купить	O
62	новый	O
62	macbook	Object1
62	pro	Object1
62	2016	Object1
62	или	O
62	macbook	Object2
62	pro	Object2
62	2015	Object2
62	?	O
63	Что	O
63	лучше	O
63	holiday	Object1
63	inn	Object1
63	или	O
63	white	Object2
63	christmas	Object2
63	?	O
65	Что	O
65	лучше	O
65	для	O
65	окружающей	Aspect
65	среды	Aspect
65	,	O
65	настоящая	Object1
65	или	O
65	искусственная	Object2
65	елка	CommonObj
65	?	O
66	Чем	O
66	коммунистическая	Object1
66	страна	CommonObj
66	лучше	O
66	демократической	Object2
66	?	O
67	Собаки	Object1
67	лучше	O
67	людей	Object2
67	?	O
70	Стоит	O
70	ли	O
70	читать	O
70	обзоры	Object1
70	книг	Object1
70	на	Object1
70	goodreads	Object1
70	по	O
70	сравнению	O
70	с	O
70	обзорами	Object2
70	книг	Object2
70	на	Object2
70	Amazon	Object2
70	?	O
71	Кто	O
71	будет	O
71	лучшим	Aspect
71	президентом	Aspect
71	Дональд	Object1
71	Трамп	Object1
71	или	O
71	Хиллари	Object2
71	Клинтон	Object2
71	?	O
73	Что	O
73	лучше	O
73	при	O
73	болях	Aspect
73	в	Aspect
73	спине	Aspect
73	,	O
73	хиропрактика	Object1
73	или	O
73	физиотерапия	Object2
73	?	O
76	В	O
76	какой	O
76	стране	O
76	лучше	O
76	всего	O
76	работать	Aspect
76	-	O
76	в	O
76	США	Object1
76	или	O
76	Кувейте	Object2
76	?	O
77	Если	O
77	у	O
77	меня	O
77	есть	O
77	одна	O
77	неделя	O
77	,	O
77	какую	O
77	страну	O
77	мне	O
77	следует	O
77	посетить	O
77	-	O
77	Гватемалу	Object1
77	или	O
77	Никарагуа	Object2
77	,	O
77	что	O
77	я	O
77	не	O
77	должен	O
77	пропустить	O
77	ни	O
77	в	O
77	одной	O
77	из	O
77	них	O
77	,	O
77	где	O
77	лучше	O
77	заниматься	O
77	подводным	Aspect
77	плаванием	Aspect
77	?	O
78	Какой	O
78	процессор	O
78	лучше	O
78	i3	CommonObj
78	4-го	Object1
78	поколения	Object1
78	или	O
78	6-го	Object2
78	поколения	Object2
78	?	O
80	Что	O
80	мне	O
80	делать	O
80	:	O
80	получить	O
80	степень	Object1
80	mba	Object1
80	или	O
80	стать	O
80	инженером-программистом	Object2
80	?	O
81	Езда	Aspect
81	на	Aspect
81	велосипеде	Aspect
81	в	O
81	Аризоне	O
81	,	O
81	где	O
81	лучше	O
81	остановиться	O
81	-	O
81	в	O
81	Финиксе	Object1
81	или	O
81	Скоттсдейле	Object2
81	?	O
82	Как	O
82	вы	O
82	думаете	O
82	,	O
82	люди	O
82	лучше	O
82	приспособлены	Aspect
82	к	O
82	экстремальной	Object1
82	жаре	Object1
82	или	O
82	экстремальному	Object2
82	холоду	Object2
82	?	O
83	Должен	O
83	ли	O
83	я	O
83	выбрать	O
83	32	Object1
83	или	O
83	64-разрядную	O
83	версию	CommonObj
83	для	CommonObj
83	Linux	CommonObj
83	?	O
84	В	O
84	какое	O
84	время	O
84	лучше	O
84	всего	O
84	тренироваться	Aspect
84	утром	Object1
84	или	O
84	вечером	Object2
84	?	O
85	Какая	O
85	экономика	Object1
85	у	O
85	Соединенных	Object1
85	Штатов	Object1
85	по	O
85	сравнению	O
85	с	O
85	экономикой	Object2
85	Испании	Object2
85	?	O
86	Кто	O
86	был	O
86	лучшим	O
86	Дамблдором	Aspect
86	Ричард	Object1
86	Харрис	Object1
86	Рип	Object1
86	или	O
86	Майкл	Object2
86	Гэмбон	Object2
86	?	O
87	Какой	O
87	пистолет	Aspect
87	лучше	O
87	м16	Object1
87	или	O
87	insas	Object2
87	?	O
88	Я	O
88	хочу	O
88	спроектировать	O
88	и	O
88	построить	O
88	свой	O
88	собственный	Object1
88	дом	Object1
88	в	O
88	Индии	CommonObj
88	,	O
88	каковы	O
88	плюсы	O
88	и	O
88	минусы	O
88	по	O
88	сравнению	O
88	с	O
88	покупкой	Object2
88	готового	Object2
88	дома	Object2
88	?	O
89	Какой	O
89	автомобиль	O
89	лучше	O
89	:	O
89	BMW	Object1
89	или	O
89	Audi	Object2
89	?	O
92	Каковы	O
92	плюсы	O
92	и	O
92	минусы	O
92	мульчи	Object1
92	в	Object1
92	мешках	Object1
92	по	O
92	сравнению	O
92	с	O
92	городской	Object2
92	мульчей	Object2
92	?	O
94	Какая	O
94	граница	CommonObj
94	лучше	O
94	-	O
94	логарифмическая	Object1
94	или	O
94	многочленная	Object2
94	со	Object2
94	сколь	Object2
94	угодно	Object2
94	малой	Object2
94	степенью	Object2
94	?	O
95	Является	O
95	ли	O
95	режим	Object1
95	xp	Object1
95	в	Object1
95	Windows	Object1
95	7	Object1
95	лучше	O
95	,	O
95	чем	O
95	обычная	Object2
95	виртуальная	Object2
95	машина	Object2
95	?	O
98	Почему	O
98	баскетбол	Object1
98	лучше	O
98	футбола	Object2
98	?	O
99	Что	O
99	лучше	O
99	-	O
99	приседания	Object1
99	или	O
99	хруст	Object2
99	?	O
101	Что	O
101	лучше	O
101	для	O
101	cs	Aspect
101	iit	Object1
101	guwahati	Object1
101	или	O
101	iit	Object2
101	roorkee	Object2
101	?	O
102	Должна	O
102	ли	O
102	Индия	O
102	больше	O
102	инвестировать	Aspect
102	в	O
102	сельское	Object1
102	хозяйство	Object1
102	или	O
102	оборону	Object2
102	?	O
104	Какой	O
104	mp3-плеер	O
104	лучше	O
104	iriver	Object1
104	h10	Object1
104	или	O
104	музыкальный	Object2
104	автомат	Object2
104	philips	Object2
104	gogear	Object2
104	?	O
105	Должен	O
105	ли	O
105	я	O
105	вести	O
105	свой	O
105	блог	Aspect
105	на	O
105	английском	Object1
105	или	O
105	испанском	Object2
105	языках	CommonObj
105	?	O
109	Искусственные	Object1
109	подсластители	Object1
109	лучше	O
109	белого	Object2
109	сахара	Object2
109	?	O
110	Для	O
110	фруктовых	Aspect
110	деревьев	Aspect
110	лучше	O
110	посадить	O
110	одно	Object1
110	многопривитое	Object1
110	дерево	Object1
110	или	O
110	несколько	Object2
110	деревьев	Object2
110	в	Object2
110	одну	Object2
110	лунку	Object2
110	?	O
111	Должен	O
111	ли	O
111	я	O
111	купить	O
111	moto	Object1
111	g4	Object1
111	plus	Object1
111	или	O
111	xiaomi	Object2
111	mi	Object2
111	max	Object2
111	?	O
114	На	O
114	что	O
114	похожа	O
114	городская	Aspect
114	жизнь	Aspect
114	в	O
114	Индии	Object1
114	по	O
114	сравнению	O
114	с	O
114	Непалом	Object2
114	?	O
115	В	O
115	чем	O
115	больше	O
115	кофеина	Aspect
115	,	O
115	кофе	Object1
115	или	O
115	чае	Object2
115	?	O
116	В	O
116	целом	O
116	,	O
116	сложнее	O
116	ли	O
116	поступить	Aspect
116	в	Aspect
116	медицинскую	Aspect
116	школу	Aspect
116	США	Object1
116	или	O
116	Великобритании	Object2
116	?	O
118	Насколько	O
118	умен	Aspect
118	был	O
118	Стив	Object1
118	Джобс	Object1
118	по	O
118	сравнению	O
118	с	O
118	Марком	Object2
118	Цукербергом	Object2
118	?	O
119	Какой	O
119	коучинг	O
119	лучше	O
119	skd	Object1
119	или	O
119	aakash	Object2
119	в	O
119	Лакхнау	O
119	?	O
120	Как	O
120	контролируется	O
120	торговля	Aspect
120	лезвиями	Aspect
120	в	O
120	Вермонте	Object1
120	по	O
120	сравнению	O
120	с	O
120	Аризоной	Object2
120	в	O
120	соответствии	O
120	с	O
120	законодательством	O
120	о	O
120	ножах	O
120	?	O
121	Что	O
121	лучше	O
121	с	O
121	точки	O
121	зрения	O
121	надежности	O
121	и	O
121	соотношения	Aspect
121	цены	Aspect
121	и	Aspect
121	качества	Aspect
121	-	O
121	седан	Object1
121	c240	Object1
121	или	O
121	купе	Object2
121	c230	Object2
121	?	O
122	Что	O
122	предпочтительнее	O
122	-	O
122	червячное	Object1
122	литье	Object1
122	или	O
122	чай	Object2
122	для	Object2
122	червячного	Object2
122	литья	Object2
122	?	O
123	Что	O
123	интереснее	Aspect
123	,	O
123	информатика	Object1
123	или	O
123	вычислительная	Object2
123	техника	Object2
123	?	O
124	Должен	O
124	ли	O
124	я	O
124	изучать	O
124	Python	Object1
124	или	O
124	R	Object2
124	для	O
124	анализа	Aspect
124	данных	Aspect
124	?	O
127	Если	O
127	я	O
127	хочу	O
127	быть	O
127	евреем	O
127	,	O
127	должен	O
127	ли	O
127	я	O
127	обратиться	O
127	в	O
127	консервативный	Object1
127	иудаизм	Object1
127	или	O
127	современный	Object2
127	ортодоксальный	Object2
127	иудаизм	Object2
127	?	O
128	Какой	O
128	стадион	CommonObj
128	больше	Aspect
128	-	O
128	"	O
128	Реал	Object1
128	Мадрид	Object1
128	"	O
128	или	O
128	"	O
128	Барселона	Object2
128	"	O
128	?	O
130	Когда	O
130	и	O
130	почему	O
130	черный	Object1
130	перец	Object1
130	стал	O
130	таким	O
130	популярным	O
130	,	O
130	если	O
130	он	O
130	такой	O
130	безвкусный	O
130	по	O
130	сравнению	O
130	с	O
130	белым	Object2
130	перцем	Object2
130	и	O
130	в	O
130	чем	O
130	разница	O
130	?	O
131	Что	O
131	лучше	O
131	снижает	Aspect
131	температуру	Aspect
131	у	Aspect
131	детей	Aspect
131	,	O
131	ибупрофен	Object1
131	или	O
131	аспирин	Object2
131	?	O
132	Что	O
132	лучше	O
132	для	O
132	ваших	O
132	волос	Aspect
132	-	O
132	шампунь	Object1
132	или	O
132	шампунь	Object2
132	с	Object2
132	кондиционером	Object2
132	?	O
134	При	O
134	варке	Aspect
134	колбасы	Aspect
134	что	O
134	важнее	O
134	-	O
134	температура	Object1
134	или	O
134	влажность	Object2
134	?	O
135	Что	O
135	лучше	O
135	-	O
135	слепо	Object1
135	соответствовать	Object1
135	требованиям	Object1
135	проекта	Object1
135	или	O
135	соответствовать	Object2
135	духу	Object2
135	требований	Object2
135	проекта	Object2
135	?	O
136	Что	O
136	лучше	O
136	для	O
136	ключей	Aspect
136	gpg	CommonObj
136	rsa	Object1
136	или	O
136	dsa	Object2
136	?	O
138	Паста	Object1
138	полезнее	Aspect
138	пиццы	Object2
138	?	O
139	Что	O
139	лучше	O
139	:	O
139	ASP	Object1
139	или	O
139	PHP	Object2
139	?	O
142	Что	O
142	проще	Aspect
142	pte	Object1
142	или	O
142	ielts	Object2
142	?	O
143	Какое	O
143	шоу	O
143	смешнее	Aspect
143	"	O
143	Гриффины	Object1
143	"	O
143	или	O
143	"	O
143	Симпсоны	Object2
143	"	O
143	?	O
145	В	O
145	каких	O
145	аспектах	O
145	Хиллари	Object1
145	Клинтон	Object1
145	лучше	O
145	Трампа	Object2
145	?	O
146	Какая	O
146	ОС	O
146	лучше	O
146	windows	Object1
146	или	O
146	linux	Object2
146	?	O
147	Газовая	Object1
147	или	O
147	угольная	Object2
147	решетка	CommonObj
147	,	O
147	какую	O
147	купить	O
147	?	O
148	Что	O
148	лучше	O
148	intel	CommonObj
148	i5	Object1
148	6-го	Object1
148	поколения	Object1
148	или	O
148	i7	Object2
148	5-го	Object2
148	поколения	Object2
148	?	O
149	Должен	O
149	ли	O
149	я	O
149	сдавать	O
149	IELTS	Object1
149	или	O
149	TOEFL	Object2
149	?	O
152	Выбирая	O
152	двухъядерный	Object1
152	или	O
152	четырехъядерный	Object2
152	процессор	CommonObj
152	,	O
152	что	O
152	лучше	O
152	?	O
153	Что	O
153	проще	Aspect
153	сделать	Aspect
153	лавовую	Object1
153	лампу	Object1
153	или	O
153	слизь	Object2
153	?	O
156	Что	O
156	лучше	O
156	разрабатывать	Aspect
156	приложения	Aspect
156	,	O
156	используя	O
156	технологию	Object1
156	,	Object1
156	специфичную	Object1
156	для	Object1
156	конкретной	Object1
156	платформы	Object1
156	,	O
156	или	O
156	веб-технологии	Object2
156	?	O
157	В	O
157	чем	O
157	разница	O
157	между	O
157	марками	O
157	нержавеющей	CommonObj
157	стали	CommonObj
157	ss304	Object1
157	и	O
157	sus304	Object2
157	?	O
159	Что	O
159	лучше	O
159	-	O
159	ps4	Object1
159	или	O
159	xbox	Object2
159	one	Object2
159	?	O
162	Действительно	O
162	ли	O
162	quora	Object1
162	лучше	O
162	,	O
162	чем	O
162	Google	Object2
162	для	O
162	получения	Aspect
162	ответов	Aspect
162	?	O
163	Какой	O
163	из	O
163	них	O
163	лучше	O
163	для	O
163	лучшего	O
163	карьерного	Aspect
163	роста	Aspect
163	oracle	Object1
163	dba	Object1
163	или	O
163	sql	Object2
163	dba	Object2
163	?	O
165	При	O
165	выпечке	Aspect
165	лучше	O
165	использовать	O
165	газовую	Object1
165	или	O
165	электрическую	Object2
165	духовку	CommonObj
165	?	O
166	Я	O
166	программист	Aspect
166	,	O
166	должен	O
166	ли	O
166	я	O
166	купить	O
166	macbook	Object1
166	или	O
166	ноутбук	Object2
166	с	Object2
166	Windows	Object2
166	?	O
168	Какой	O
168	вариант	O
168	лучше	O
168	при	O
168	планировании	Aspect
168	поездки	Aspect
168	из	Aspect
168	Бангалора	Aspect
168	в	Aspect
168	Гоа	Aspect
168	:	O
168	поехать	Object1
168	на	Object1
168	машине	Object1
168	и	Object1
168	начать	Object1
168	движение	Object1
168	ночью	Object1
168	или	O
168	поехать	Object2
168	поездом	Object2
168	в	Object2
168	Гоа	Object2
168	и	Object2
168	зарезервировать	Object2
168	машину	Object2
168	там	Object2
168	?	O
172	Что	O
172	лучше	O
172	Болливуд	Object1
172	или	O
172	Колливуд	Object2
172	?	O
173	Что	O
173	более	O
173	экологично	Aspect
173	,	O
173	гибрид	Object1
173	или	O
173	дизель	Object2
173	?	O
175	Как	O
175	проходят	O
175	президентские	Object1
175	выборы	Object1
175	в	Object1
175	США	Object1
175	по	O
175	сравнению	O
175	с	O
175	президентскими	Object2
175	выборами	Object2
175	в	Object2
175	Мексике	Object2
175	?	O
176	Какой	O
176	юридический	CommonObj
176	факультет	CommonObj
176	лучше	O
176	-	O
176	БГУ	Object1
176	или	O
176	университет	Object2
176	Османии	Object2
176	?	O
179	Какая	O
179	файловая	O
179	система	O
179	должна	O
179	быть	O
179	на	O
179	моем	O
179	жестком	O
179	диске	O
179	usb	Aspect
179	fat32	Object1
179	или	O
179	ntfs	Object2
179	?	O
180	Каковы	O
180	плюсы	O
180	и	O
180	минусы	O
180	доверенного	Object1
180	хранилища	Object1
180	по	O
180	сравнению	O
180	с	O
180	лицензированием	Object2
180	сертификатов	Object2
180	?	O
183	С	O
183	кем	O
183	бы	O
183	вы	O
183	предпочли	O
183	встречаться	Aspect
183	-	O
183	с	O
183	моделью	Object1
183	или	O
183	художником	Object2
183	?	O
185	Что	O
185	лучше	O
185	Бали	Object1
185	или	O
185	Пхукет	Object2
185	для	O
185	мужчин-путешественников	O
185	,	O
185	ищущих	O
185	лучшие	O
185	пляжи	O
185	,	O
185	ночную	O
185	жизнь	O
185	и	O
185	развлечения	Aspect
185	?	O
186	Кто	O
186	более	O
186	могущественный	Aspect
186	джедай	Aspect
186	Оби	Object1
186	Ван	Object1
186	или	O
186	Аникен	Object2
186	?	O
187	В	O
187	чем	O
187	разница	O
187	между	O
187	метро	Object1
187	Мумбаи	Object1
187	и	O
187	монорельсовой	Object2
187	дорогой	Object2
187	Мумбаи	Object2
187	-	O
187	они	O
187	одинаковые	O
187	или	O
187	разные	O
187	?	O
188	Какой	O
188	алгоритм	O
188	лучше	O
188	,	O
188	быстрая	Object1
188	сортировка	Object1
188	или	O
188	сортировка	Object2
188	слиянием	Object2
188	?	O
189	Является	O
189	ли	O
189	наука	Object1
189	о	Object1
189	земле	Object1
189	тем	O
189	же	O
189	самым	O
189	,	O
189	что	O
189	и	O
189	наука	Object2
189	об	Object2
189	окружающей	Object2
189	среде	Object2
189	,	O
189	если	O
189	нет	O
189	,	O
189	то	O
189	чем	O
189	они	O
189	отличаются	O
189	?	O
190	Какой	O
190	велосипед	CommonObj
190	предпочтительнее	O
190	в	O
190	Бангалоре	Aspect
190	fz	Object1
190	v	Object1
190	2	Object1
190	или	O
190	pulsar	Object2
190	200ns	Object2
190	?	O
193	Какое	O
193	программное	CommonObj
193	обеспечение	CommonObj
193	лучше	O
193	для	O
193	студента-механика	Aspect
193	catia	Object1
193	или	O
193	autocad	Object2
193	?	O
194	Стоит	O
194	ли	O
194	купить	O
194	Xbox	Object1
194	или	O
194	PlayStation	Object2
194	?	O
195	Какой	O
195	ноутбук	CommonObj
195	долговечнее	Aspect
195	:	O
195	HP	Object1
195	или	O
195	Dell	Object2
195	?	O
196	Что	O
196	лучше	O
196	-	O
196	независимость	Object1
196	от	Object1
196	платформы	Object1
196	или	O
196	нейтральность	Object2
196	архитектуры	Object2
196	?	O
200	Дешевле	Aspect
200	ли	O
200	добраться	Aspect
200	до	Aspect
200	Кубы	Aspect
200	из	O
200	Майами	Object1
200	или	O
200	Канкуна	Object2
200	?	O
203	Почему	O
203	бронза	Object1
203	предпочтительнее	O
203	медного	Object2
203	металла	Object2
203	для	O
203	изготовления	Aspect
203	статуй	Aspect
203	?	O
205	Что	O
205	больше	Aspect
205	-	O
205	США	Object1
205	или	O
205	Китай	Object2
205	?	O
206	Что	O
206	сложнее	Aspect
206	,	O
206	лыжи	Object1
206	или	O
206	сноуборд	Object2
206	?	O
208	Что	O
208	предпочтительнее	O
208	eurail	Object1
208	pass	Object1
208	или	O
208	покупка	Object2
208	пропуска	Object2
208	на	Object2
208	месте	Object2
208	?	O
209	Какой	O
209	вариант	O
209	лучше	O
209	mkcg	Object1
209	в	Object1
209	Берхампуре	Object1
209	или	O
209	kgmc	Object2
209	в	Object2
209	Манипале	Object2
209	?	O
212	Что	O
212	лучше	O
212	-	O
212	купить	O
212	новую	Object1
212	или	O
212	подержанную	Object2
212	понтонную	CommonObj
212	лодку	CommonObj
212	для	O
212	полноценного	Aspect
212	отдыха	Aspect
212	на	Aspect
212	озере	Aspect
212	?	O
213	Что	O
213	такое	O
213	gate	Object1
213	,	O
213	насколько	O
213	это	O
213	сложно	Aspect
213	по	O
213	сравнению	O
213	с	O
213	jee	Object2
213	?	O
214	Где	O
214	лучше	O
214	всего	O
214	жить	Aspect
214	в	O
214	Химачале	Object1
214	или	O
214	Уттаракханде	Object2
214	?	O
215	Каковы	O
215	различия	O
215	в	O
215	студенческой	Aspect
215	нагрузке	Aspect
215	в	O
215	колледжах	Object1
215	гуманитарных	Object1
215	наук	Object1
215	по	O
215	сравнению	O
215	с	O
215	исследовательскими	Object2
215	университетами	Object2
215	?	O
216	Каковы	O
216	плюсы	O
216	и	O
216	минусы	O
216	резиновой	Object1
216	мульчи	CommonObj
216	по	O
216	сравнению	O
216	с	O
216	древесной	Object2
216	?	O
217	Должен	O
217	ли	O
217	я	O
217	присоединиться	O
217	к	O
217	tcs	Object1
217	или	O
217	qainfotech	Object2
217	?	O
222	Кто	O
222	сильнее	Aspect
222	,	O
222	Халк	Object1
222	или	O
222	Супермен	Object2
222	?	O
225	Кто	O
225	больше	O
225	претендует	Aspect
225	на	Aspect
225	трон	Aspect
225	-	O
225	Эйегон	Object1
225	Джон	Object1
225	Сноу	Object1
225	или	O
225	Дейенерис	Object2
225	?	O
226	Онлайн-курсы	Object1
226	лучше	O
226	очных	Object2
226	занятий	Object2
226	?	O
227	Какой	O
227	бренд	O
227	лучше	O
227	tampax	Object1
227	или	O
227	playtex	Object2
227	?	O
228	Какие	O
228	самолеты	CommonObj
228	лучше	O
228	,	O
228	Boeing	Object1
228	или	O
228	Airbus	Object2
228	?	O
229	Что	O
229	лучше	O
229	для	O
229	зачатия	Aspect
229	-	O
229	ЭКО	Object1
229	или	O
229	перевязка	Object2
229	маточных	Object2
229	труб	Object2
229	?	O
232	Что	O
232	сложнее	Aspect
232	-	O
232	перетасовать	Object1
232	отсортированную	Object1
232	колоду	CommonObj
232	или	O
232	отсортировать	Object2
232	перетасованную	Object2
232	?	O
234	Должен	O
234	ли	O
234	я	O
234	выбрать	O
234	бета-версию	O
234	angularjs	Object1
234	или	O
234	angular	Object2
234	2	Object2
234	?	O
235	Считаете	O
235	ли	O
235	вы	O
235	,	O
235	что	O
235	легче	O
235	изучать	Object1
235	новые	Object1
235	предметы	Object1
235	самостоятельно	Object1
235	или	O
235	вы	O
235	считаете	O
235	,	O
235	что	O
235	лучше	O
235	иметь	Object2
235	учителя	Object2
235	?	O
239	Что	O
239	мне	O
239	следует	O
239	выучить	O
239	в	O
239	первую	O
239	очередь	O
239	javascript	Object1
239	или	O
239	html	Object2
239	css	Object2
239	?	O
240	Что	O
240	лучше	O
240	jsp	Object1
240	или	O
240	php	Object2
240	и	O
240	почему	O
240	?	O
242	Должен	O
242	ли	O
242	я	O
242	получить	O
242	степень	Aspect
242	бакалавра	Aspect
242	в	O
242	университете	Object1
242	с	Object1
242	самым	Object1
242	высоким	Object1
242	рейтингом	Object1
242	или	O
242	mcomp	Object2
242	в	Object2
242	университете	Object2
242	с	Object2
242	более	Object2
242	низким	Object2
242	рейтингом	Object2
242	?	O
243	Какой	O
243	университет	O
243	мне	O
243	следует	O
243	выбрать	O
243	для	O
243	обучения	Aspect
243	компьютерной	Aspect
243	инженерии	Aspect
243	uiuc	Object1
243	penn	Object1
243	state	Object1
243	или	O
243	cmu	Object2
243	?	O
244	Trinet	Object1
244	или	O
244	algentis	Object2
244	,	O
244	кто	O
244	является	O
244	лучшим	O
244	поставщиком	Aspect
244	кадровых	Aspect
244	услуг	Aspect
244	на	Aspect
244	аутсорсинге	Aspect
244	?	O
245	Какой	O
245	браузер	CommonObj
245	лучше	O
245	,	O
245	Internet	Object1
245	Explorer	Object1
245	или	O
245	Firefox	Object2
245	?	O
247	Что	O
247	лучше	O
247	,	O
247	Гриффины	Object1
247	или	O
247	Симпсоны	Object2
247	?	O
248	Что	O
248	лучше	O
248	для	O
248	разработки	Aspect
248	на	O
248	Java	Object1
248	eclipse	Object1
248	или	O
248	intellij	Object2
248	idea	Object2
248	?	O
249	Какие	O
249	технологии	CommonObj
249	работают	O
249	лучше	O
249	:	O
249	Apple	Object1
249	или	O
249	Google	Object2
249	?	O
257	Вы	O
257	предпочитаете	O
257	тампоны	Object1
257	или	O
257	прокладки	Object2
257	?	O
258	Первичное	Aspect
258	публичное	Aspect
258	размещение	Aspect
258	акций	Aspect
258	IPO	Aspect
258	каковы	O
258	преимущества	O
258	и	O
258	недостатки	O
258	публичной	Object1
258	компании	Object1
258	по	O
258	сравнению	O
258	с	O
258	частной	Object2
258	?	O
259	Когда	O
259	бинарные	Object1
259	деревья	Object1
259	лучше	O
259	хэш-таблиц	Object2
259	в	O
259	реальных	Aspect
259	приложениях	Aspect
259	?	O
262	Почему	O
262	какое	O
262	место	O
262	лучше	O
262	для	O
262	изучения	Aspect
262	-	O
262	США	Object1
262	или	O
262	Австралия	Object2
262	?	O
263	Что	O
263	лучше	O
263	,	O
263	Disneyland	Object1
263	или	O
263	Disney	Object2
263	World	Object2
263	?	O
264	Что	O
264	лучше	O
264	,	O
264	Linux	Object1
264	или	O
264	Microsoft	Object2
264	?	O
266	Что	O
266	лучше	O
266	linux	Object1
266	или	O
266	Microsoft	Object2
266	?	O
267	Какой	O
267	цвет	O
267	лучше	O
267	-	O
267	синий	Object1
267	или	O
267	красный	Object2
267	?	O
268	Что	O
268	лучше	O
268	snapdragon	Object1
268	625	Object1
268	или	O
268	snapdragon	Object2
268	650	Object2
268	?	O
269	Должен	O
269	ли	O
269	я	O
269	получить	O
269	google	Object1
269	pixel	Object1
269	или	O
269	iphone	Object2
269	7	Object2
269	?	O
271	Сколько	O
271	зарабатывают	Aspect
271	официантки	Object1
271	hooters	Object1
271	по	O
271	сравнению	O
271	с	O
271	обычными	Object2
271	официантами	Object2
271	?	O
272	Что	O
272	лучше	O
272	hp	CommonObj
272	pavilion	CommonObj
272	15	CommonObj
272	au111tx	Object1
272	или	O
272	au006tx	Object2
272	?	O
273	Какая	O
273	книга	O
273	первая	Aspect
273	-	O
273	"	O
273	Кодекс	Object1
273	Давинчи	Object1
273	"	O
273	или	O
273	"	O
273	Ангелы	Object2
273	и	Object2
273	демоны	Object2
273	"	O
273	?	O
275	При	O
275	покупке	O
275	блендера	Aspect
275	какой	O
275	контейнер	CommonObj
275	лучше	O
275	квадратный	Object1
275	или	O
275	круглый	Object2
275	?	O
276	Что	O
276	появилось	O
276	первым	Aspect
276	-	O
276	программное	Object1
276	обеспечение	Object1
276	или	O
276	аппаратное	Object2
276	обеспечение	Object2
276	?	O
278	Что	O
278	мягче	Aspect
278	плюш	Object1
278	или	O
278	флис	Object2
278	?	O
279	Что	O
279	лучше	O
279	,	O
279	поиск	Object1
279	Google	Object1
279	или	O
279	поиск	Object2
279	Yahoo	Object2
279	?	O
283	Что	O
283	полезнее	Aspect
283	,	O
283	запекать	Object1
283	или	O
283	жарить	Object2
283	?	O
285	Собираюсь	O
285	купить	O
285	кроссовки	CommonObj
285	:	O
285	что	O
285	лучше	O
285	Adidas	Object1
285	или	O
285	Nike	Object2
285	?	O
291	Создание	O
291	веб-сайтов	Aspect
291	,	O
291	какой	O
291	подход	O
291	лучше	O
291	-	O
291	mvp	Object1
291	или	O
291	mvc	Object2
291	?	O
294	Что	O
294	такое	O
294	синдром	Object1
294	прилипалы	Object1
294	по	O
294	сравнению	O
294	с	O
294	синдромом	Object2
294	Пьера	Object2
294	Робена	Object2
294	?	O
297	Я	O
297	выучил	O
297	python	O
297	,	O
297	и	O
297	теперь	O
297	я	O
297	хочу	O
297	выучить	O
297	язык	CommonObj
297	ООП	CommonObj
297	,	O
297	должен	O
297	ли	O
297	я	O
297	изучать	O
297	java	Object1
297	или	O
297	c++	O
297	?	O
298	Почему	O
298	китайская	Object1
298	демократическая	Object1
298	система	Object1
298	меритократии	Object1
298	лучше	O
298	,	O
298	чем	O
298	демократия	Object2
298	западного	Object2
298	образца	Object2
298	?	O
300	В	O
300	каком	O
300	месте	O
300	лучше	O
300	всего	O
300	работать	Aspect
300	-	O
300	в	O
300	Мумбаи	Object1
300	или	O
300	Дели	Object2
300	?	O
301	Что	O
301	лучше	O
301	-	O
301	ups	Object1
301	или	O
301	usps	Object2
301	для	O
301	доставки	Aspect
301	посылок	Aspect
301	среднего	Aspect
301	и	Aspect
301	крупного	Aspect
301	размера	Aspect
301	?	O
302	Какой	O
302	четырехколесный	O
302	грузовик	O
302	лучше	O
302	:	O
302	Форд	Object1
302	или	O
302	Тойота	Object2
302	?	O
304	Что	O
304	лучше	O
304	использовать	O
304	,	O
304	кисть	Object1
304	или	O
304	спонж	Object2
304	?	O
305	Какая	O
305	операционная	O
305	система	O
305	имеет	O
305	лучшую	O
305	производительность	Aspect
305	:	O
305	Windows	Object1
305	7	Object1
305	или	O
305	Windows	Object2
305	8	Object2
305	?	O
306	В	O
306	чем	O
306	разница	O
306	между	O
306	желобом	Object1
306	со	Object1
306	стоячей	Object1
306	волной	Object1
306	и	O
306	желобом	Object2
306	Вентури	Object2
306	?	O
307	Почему	O
307	прецизионный	Object1
307	выпрямитель	Object1
307	лучше	O
307	обычного	Object2
307	выпрямителя	Object2
307	?	O
309	Кто	O
309	больше	O
309	выиграл	Aspect
309	эль	Aspect
309	класико	Aspect
309	-	O
309	"	O
309	Реал	Object1
309	Мадрид	Object1
309	"	O
309	или	O
309	"	O
309	Барселона	Object2
309	"	O
309	?	O
312	Что	O
312	лучше	O
312	-	O
312	получить	O
312	автокредит	Aspect
312	через	O
312	автосалон	Object1
312	или	O
312	банк	Object2
312	?	O
313	Для	O
313	человека	O
313	,	O
313	который	O
313	понятия	O
313	не	O
313	имеет	O
313	о	O
313	кодировании	O
313	на	O
313	java	O
313	или	O
313	c	O
313	,	O
313	какую	O
313	технологию	O
313	лучше	O
313	изучить	O
313	hadoop	Object1
313	или	O
313	sap	Object2
313	?	O
314	Какой	O
314	город	O
314	лучше	O
314	,	O
314	Лондон	Object1
314	или	O
314	Париж	Object2
314	?	O
315	Какое	O
315	подключение	CommonObj
315	к	CommonObj
315	Интернету	CommonObj
315	лучше	O
315	-	O
315	проводное	Object1
315	или	O
315	беспроводное	Object2
315	,	O
315	и	O
315	укажите	O
315	причину	O
315	вашего	O
315	выбора	O
315	подключения	O
315	к	O
315	Интернету	O
315	?	O
316	Насколько	O
316	Торонто	Object1
316	отличается	O
316	или	O
316	похож	O
316	на	O
316	Нью-Йорк	Object2
316	?	O
317	Кто	O
317	победит	O
317	:	O
317	Брок	Object1
317	Леснар	Object1
317	или	O
317	гробовщик	Object2
317	?	O
318	Что	O
318	лучше	O
318	,	O
318	пепси	Object1
318	или	O
318	кока-кола	Object2
318	?	O
320	В	O
320	каких	O
320	аспектах	O
320	Калькутта	Object1
320	лучше	O
320	Ахмадабада	Object2
320	?	O
321	Кто	O
321	был	O
321	бы	O
321	лучшим	O
321	президентом	O
321	-	O
321	Хиллари	Object1
321	Клинтон	Object1
321	или	O
321	Дональд	Object2
321	Трамп	Object2
321	?	O
322	Каковы	O
322	плюсы	O
322	и	O
322	минусы	O
322	скейтборда	Object1
322	по	O
322	сравнению	O
322	с	O
322	велосипедом	Object2
322	?	O
324	Какой	O
324	штат	O
324	был	Aspect
324	первым	Aspect
324	-	O
324	Арканзас	Object1
324	или	O
324	Канзас	Object2
324	?	O
325	Каковы	O
325	слабые	Aspect
325	стороны	Aspect
325	Хиллари	Object1
325	Клинтон	Object1
325	по	O
325	сравнению	O
325	с	O
325	Дональдом	Object2
325	Трампом	Object2
325	?	O
326	У	O
326	кого	O
326	больше	Aspect
326	чемпионатов	Aspect
326	НБА	Aspect
326	-	O
326	на	O
326	востоке	Object1
326	или	O
326	западе	Object2
326	?	O
328	Что	O
328	такое	O
328	chromebook	Object1
328	по	O
328	сравнению	O
328	с	O
328	ноутбуком	Object2
328	?	O
